[{
  "BlockID": "61ded3de-bf41-421c-8263-fc9d5fc7d35d",
  "blockNum": 12,
  "TimeStamp": " 2022-11-01.23:09:23.2",
  "VerificationProcessID": "0",
  "PreviousHash": "177c84a43b713a30417529598f674bcd95ebcd06e577623641e32c62c22a5fc2",
  "fName": "Joe",
  "lName": "DiMaggio",
  "SSNum": "111-22-3333",
  "DOB": "1914.11.25",
  "RandomSeed": "AHMIDHOH",
  "winningHash": "3a8a8f91e1cb86ca68495f8c53dc1c7a005e1e91627c6b42a343305823b1af74",
  "signedID": "izDdNyBcI7YR2C0e6XbVBFvT+KCjNvwdIWdNRT6Qv7k3asrXz6yHbng39TtHSiEzdSvFrNg8yiU2ABu4Kf2bbTx/qIkmvwpTakjmtmYMvsIMaGnncBb8L976WSEFAxzUQMgv6ytKFNTD1OJfjRrWnK41gdWHXTPSwrNmkt0vlVc\u003d",
  "signedWinningHash": "Lxvf4CgKu2y6OUBTZarMriNWNHp049O2xyJFmAALgrjoTyX+fuGSGNlnSe4al0B+bJyzUcCsTo7OoTSG06orIc6a7c+UMTeOzXqZPFwA1mia3e4QhXXgVA4taL2k0vzaEvXeOrL2aGJaW425ia08MLWomV2N3dGnejaRwkzUWqI\u003d",
  "Diag": "SoreKnees",
  "Treat": "RestFromSports",
  "Rx": "Aspirin"
},{
  "BlockID": "82978e3d-3bf9-4a80-b727-b5845d25439b",
  "blockNum": 11,
  "TimeStamp": " 2022-11-01.23:09:22.2",
  "VerificationProcessID": "1",
  "PreviousHash": "467b45ae3408d6d8862d5a870d55a24b8662baf7a77e9f554979936db02b7d74",
  "fName": "John",
  "lName": "Kennedy",
  "SSNum": "333-45-6999",
  "DOB": "1917.05.29",
  "RandomSeed": "QTGIXS8Y",
  "winningHash": "177c84a43b713a30417529598f674bcd95ebcd06e577623641e32c62c22a5fc2",
  "signedID": "Xdshk93gOoi+8oGYi/FQ1VYaCnfuIWuA9fa2fNaKUlVMGdevB89ATzhU6ucehd/rI++B0kE9mBj2eXyJF7Q8xS8sRWFQdBR3KPvWRnHpHmbGvMJtLm+2nnFRk0L+qSYm3no0aRYVV9w0PcEzw9CcxgoYPPR6EkcSYCFH5vXb/4Q\u003d",
  "signedWinningHash": "bqbt1E8HmkzpiaIzFOkPYyf8nTDOGQjXInpHjKPu5hMD03KKRPEvgpKBwHc0JGPjoTu5c+92t+FHOMeAKioKM63WfyayCBOpvzL/uhPrlqogZ4iMMhQs5q3Xx+FQQIxgTjtm6Pf9hveX/n9C53D4kHYWq/GaXECLE8XmeKvJj00\u003d",
  "Diag": "AddisonsDisease",
  "Treat": "DrugTherapy",
  "Rx": "Steroids"
},{
  "BlockID": "f1ca2f0b-2c2a-4cb1-87cd-532a1dcdb15a",
  "blockNum": 10,
  "TimeStamp": " 2022-11-01.23:09:21.2",
  "VerificationProcessID": "0",
  "PreviousHash": "4770d6271025d66c423a4532f60f7890b1c42765dc238feff45caf1780253099",
  "fName": "Abraham",
  "lName": "Lincoln",
  "SSNum": "444-45-6888",
  "DOB": "1809.02.12",
  "RandomSeed": "QQUOKHD3",
  "winningHash": "467b45ae3408d6d8862d5a870d55a24b8662baf7a77e9f554979936db02b7d74",
  "signedID": "JmAvszAWJzKuTOnajoo8s2yY7fi0POF6fTLgj0D1M9FWSwTDRHnRbNoXVLHPQEWitXnxXwNT7y25cpQ/wr7zd9ALFIH3/iJyzIMN6T5uhuwbNNlcqAEyop11mGf4wp+DKCXbS9JYwRvrXwSM2oqqFHrr1QtVCuBrvA1AxVC9Egg\u003d",
  "signedWinningHash": "QcNf7As4b97MvyN+aJTd/wVgk4DJjFsseHbCJupec4ZDZN9+PY33gPHZro4FJqkETe/7pfRaXmdti4MRo+AA6aT+S0wBoB6ZbnfvQ+9hpRTXSFkB0PDk5DYBRdxvkdHNUIuuRLP6w2YJ4vskt7CS90okn/YA1DFE6Yr4WFiDdzo\u003d",
  "Diag": "GreviousWound",
  "Treat": "Surgery",
  "Rx": "Whiskey"
},{
  "BlockID": "f79f23bf-aa6c-432f-b16d-f6cdab358ac1",
  "blockNum": 9,
  "TimeStamp": " 2022-11-01.23:09:20.2",
  "VerificationProcessID": "1",
  "PreviousHash": "1bf7e0f877d5643ad9283c6102c4e9d37a5176dabb961dd38653bb04cabc8ce7",
  "fName": "Helen",
  "lName": "Keller",
  "SSNum": "666-45-6789",
  "DOB": "1880.06.27",
  "RandomSeed": "48EM8FBZ",
  "winningHash": "4770d6271025d66c423a4532f60f7890b1c42765dc238feff45caf1780253099",
  "signedID": "aDcEks95+i6p8qITnTTPvqZSqpqsGw6bHEf6BaRRKwwh3/yB7JKPv7MEM71AXFSCUZBdRd1KzTso5CoXZ0FUCSp4TOBGmaqK9plA/QpApenFNNdyVLTCfIsb6UZH93TeGrdoNGVMe8oTW4Uj84HVI/rOX/Je9Ruqee9B0TyLoj0\u003d",
  "signedWinningHash": "W9/LWHjEr2ZQKFFaT7WEbxsFHrBPDzKfPNrdWtbbUfpBVaUoKxxIJjeNN6GIFWsBkNdvbQz77tEBxWSPvC61lUszuF8Gxw+p+C1b5LaeqkxyqBNZjtuIwbIQl05+wTw0kFj1lRIej29TR5ywokPajhYhF10+mNFjJDYYl/vRteQ\u003d",
  "Diag": "Arthritis",
  "Treat": "WarmCloths",
  "Rx": "Aspirin"
},{
  "BlockID": "8610b059-1abd-4b3f-866a-123920fce4e9",
  "blockNum": 8,
  "TimeStamp": " 2022-11-01.23:09:20.1",
  "VerificationProcessID": "2",
  "PreviousHash": "06a03e20618588528d4a6ce460a06960741cbb8c1c2f67534fadf7e895c41e3b",
  "fName": "Bruce",
  "lName": "Lee",
  "SSNum": "456-789-123",
  "DOB": "1940.11.27",
  "RandomSeed": "7C9OQ6L5",
  "winningHash": "1bf7e0f877d5643ad9283c6102c4e9d37a5176dabb961dd38653bb04cabc8ce7",
  "signedID": "DA8ISXe8Z0v3iPl4HVeyYlL/qAmdB6ErAaA87w24w/b5Bhfu8G843Yy7CznoVF657/RAnpmgYF9bUPPJJ6tdPFpxVH/XWLKnXHgxFYpVF7SBH6ns9+ni1xl1oyBGxm9PshD1bOuUKmHfve578eATLGuYRxVK4vh5bZv5FYrKvRI\u003d",
  "signedWinningHash": "kDjgQAg5hbICo0n1J2yISCuzdy29r5k04Ca0a6YdVGrrmihF+b2Zo4c7u+4fYn1u2J3BhEeccbXfklUVEGREjDcy8TVnl3hRbLJQH7IVzhQchdY5RLp295oQwdcOIoIxmAetaRnjUl1G2ChLItYOJpEBIF06WdNhoBr+tsQfsLg\u003d",
  "Diag": "SoreStomach",
  "Treat": "LessCombat",
  "Rx": "Vicodine"
},{
  "BlockID": "09e352ea-e662-4774-bca1-45285ccc62af",
  "blockNum": 7,
  "TimeStamp": " 2022-11-01.23:09:19.1",
  "VerificationProcessID": "0",
  "PreviousHash": "029abc9c8a9058b4ba500cff14f410a1741593e39faf83447d874c0b5dde0c9b",
  "fName": "Sally",
  "lName": "McCutty",
  "SSNum": "123-456-999",
  "DOB": "1970.01.01",
  "RandomSeed": "LQ50RQ6R",
  "winningHash": "06a03e20618588528d4a6ce460a06960741cbb8c1c2f67534fadf7e895c41e3b",
  "signedID": "YCHkpmapdoDHuzP9+nun5yX7R9VDG70nBluAnMOpjVdqyIxuNFpzZfZS19FXyYaSoqdlILhEqewLpxBwkO3angI6CaqlvKtlWl5fJw9pxHWjm6UhmoEYVel3n267tRu5pz5VQg0jh5j1Okg3deCq0nnqdXKQUMIpcmG0w0gXRIM\u003d",
  "signedWinningHash": "cOp5P5M71sKRSx5YvyZzH2qYe3H4AvbwyCL0Ro6220Egwq0i/+7Ym0wRxPi1F9npylxV660pHiPEbWsKzlnykQtOJXThXIPgrx/nklfQUFxRLqnOtzEz43bNgAidhpUH5Bw8qVdI5cotOvIThVfs4Gy0fHtzpOZD8Sav0pQYqLA\u003d",
  "Diag": "Migraine",
  "Treat": "IcePack",
  "Rx": "Almotriptan"
},{
  "BlockID": "8cf263ec-1924-46f2-bce4-123c30bd3622",
  "blockNum": 6,
  "TimeStamp": " 2022-11-01.23:09:18.1",
  "VerificationProcessID": "1",
  "PreviousHash": "44ffe1ff1ac0def92edae8ff58fef5444be04c04fcd9c07deba40098b03ffae4",
  "fName": "Wei",
  "lName": "Xu",
  "SSNum": "123-456-333",
  "DOB": "1996.03.22",
  "RandomSeed": "S4NJ3PHR",
  "winningHash": "029abc9c8a9058b4ba500cff14f410a1741593e39faf83447d874c0b5dde0c9b",
  "signedID": "RBCv/alHwTe23lwpP39OM1Q6zr5GOT3rsjpWPbxaviaUb38r8GVZzkFtC24iHPZviCJpDRwXR0bNNGJ6bOIf7YX65L7nAKMeL4kWqE42eukq6QFaQpA/7qUJSja/GneWQWhOlHTLr5CSL1xfW0wsPeG3J1gkBoA4JjNjfPB9ypU\u003d",
  "signedWinningHash": "gJ3EXiSHCAoSscXnOFNSB3JF2HjPW2yfRysxexPsEP2X3hLANv6VGFY5Eb4PjwqCOAoIeutqi5BXwaEZOS0xTbnwAgmq1E9Mi4ptmz5EeM585uPT3Gpc4rQcM64KcnhXkaZ77BTRTWWJWmSs/gmCUeQCzjin6yVmP5vy4hVl9gk\u003d",
  "Diag": "Shingles",
  "Treat": "WaitForRelief",
  "Rx": "Zovirax"
},{
  "BlockID": "a1f277de-8cb4-40f1-984f-2ddc613628a9",
  "blockNum": 5,
  "TimeStamp": " 2022-11-01.23:09:18.0",
  "VerificationProcessID": "2",
  "PreviousHash": "25ad9b5af477a3f8b2fe6afc665a95068e76398ded1ed2f6eca2aea7db42434b",
  "fName": "Wayne",
  "lName": "Blaine",
  "SSNum": "123-45-6777",
  "DOB": "1942.07.07",
  "RandomSeed": "LCKD00X8",
  "winningHash": "44ffe1ff1ac0def92edae8ff58fef5444be04c04fcd9c07deba40098b03ffae4",
  "signedID": "Oz/rb7eszQY3QunJ8eD08AjNJV+YG5C0JuKnXSrlpU3g0g2HOwpoTS1Ng0MPmiHnSqlJdO/oCZ/jwECQYoiTITSElscVHQzU5LP5NK/YVTVZdo+i7rnOnzh+WawfjJKVjspqZNx94tTnnZurahshVKVggF7D+WCEaGhFKtZV7i8\u003d",
  "signedWinningHash": "dLchedMFkd+CsfYeaMZ/itaWyHWAefWdcdvfO3VK4AMZiV09XrMdiRQoZeXoJlfHFWOJSpy2AOEdgshooUAGBRCkKT9wUJSiC9aoDsSQkV867SkKuwijLUPjisAmLfRQlV7Zdd+euqIhplOj7SuyAWDVFQHjOMcbzUMiHAJFoLE\u003d",
  "Diag": "Measles",
  "Treat": "WaitToGetBetter",
  "Rx": "CodLiverOil"
},{
  "BlockID": "ab0318e7-cc05-4438-8a08-055aa5add737",
  "blockNum": 4,
  "TimeStamp": " 2022-11-01.23:09:16.0",
  "VerificationProcessID": "0",
  "PreviousHash": "06dc21b75322b96e0f066b70a9e93c70980996dee8d51e21b65f4a00464aa1d7",
  "fName": "Joe",
  "lName": "Blow",
  "SSNum": "123-45-6888",
  "DOB": "1996.03.07",
  "RandomSeed": "5BED4FB2",
  "winningHash": "25ad9b5af477a3f8b2fe6afc665a95068e76398ded1ed2f6eca2aea7db42434b",
  "signedID": "fCPAvnadsHFNsSIIegpzI+xRF9q3UxvbU58tEmvIhq/iNUN2BA/lncM3cJcj5lHuH20JuByO/fJuPUWs1Ghbw5bmQbQdPkR5uiXq5F7igUJRlCM5VNGh9lp3fmKP1Hcn3Og9eC9KeQ6xm8gFGcCR1E7rzCKFUX72iIs+Eqiwt4s\u003d",
  "signedWinningHash": "C9/TwzQRsVg/sQOOunhscU4dhzkpVE1XXanZ0DKAvfuIl0zd+lUcmAM4UAvIVwV6Av72QTPIFFUttdFaRjDXOALiDY1Dz8up10SAeWCstHQq5oE14L0kZrFmPe+YyFLRp/Qz5c8OncgYS99N6XSqAqHSGtXmIFXCNCcZAnUJtfs\u003d",
  "Diag": "Smallpox",
  "Treat": "BedRest",
  "Rx": "Whiskey"
},{
  "BlockID": "7a1c762c-28c6-4329-b143-141034347afc",
  "blockNum": 3,
  "TimeStamp": " 2022-11-01.23:09:17.0",
  "VerificationProcessID": "1",
  "PreviousHash": "109ae0901d49f7058acef4834876ff0e2173f8e1ebfbe43ddaef9f1aeb644fcc",
  "fName": "Julie",
  "lName": "Wilson",
  "SSNum": "123-45-6999",
  "DOB": "1996.03.07",
  "RandomSeed": "ATNRBQX7",
  "winningHash": "06dc21b75322b96e0f066b70a9e93c70980996dee8d51e21b65f4a00464aa1d7",
  "signedID": "aYVvxd92RKdQnC6XR0eIp2krSUuaVNhV9JVFQlQ+ZV2hDyVtE/veKBfZGGlU57pf3doC7uAQWxM7Zn2sYcIAZ8GxGP1vwdOSqMF/0fZKlZyNdEGUlj5qqvMEerfiAPoox3+fviMc2R54wT/A1KOo+wCUeOxmhiI+DPgsMxNJC9Y\u003d",
  "signedWinningHash": "YtYMsZX6Q5VP4ZRxhj7fVP6zJpb/Ofbj6xE6azMuXuHWwh66RKFWX/dWT9Lg5aN2oLbEmM/jTIfv/fia54uWD8tdnCXr+a9WeKBt14fsbGoaQbUZJmD+wraCke5u3oY2pg5gNco/LY/0/RfDgZASXp2on4V0YkKnxR/sFpcFAMg\u003d",
  "Diag": "Insomnia",
  "Treat": "Exercise",
  "Rx": "HotPeppers"
},{
  "BlockID": "ac01b37d-98a4-41de-9814-fb6f63297c65",
  "blockNum": 2,
  "TimeStamp": " 2022-11-01.23:09:17.1",
  "VerificationProcessID": "2",
  "PreviousHash": "0c7194144c3541cb957a0ee37b92743425ea0b8a76f08b27d021ae4b2b032414",
  "fName": "Rita",
  "lName": "Vita",
  "SSNum": "999-456-789",
  "DOB": "1992.01.31",
  "RandomSeed": "KQIP02OZ",
  "winningHash": "109ae0901d49f7058acef4834876ff0e2173f8e1ebfbe43ddaef9f1aeb644fcc",
  "signedID": "VHXT6+x6TlRrxEgnBtauBsfnb1anmJRdiE3l3q2RXQh1TAQd43J2McDn9MG/rvGLVKtuLNVzYVB1lOzrtc2cf8VmXprku7GrhgHQVA3ybBiW/NV/MBHUhFH6FxovreBqcZ86P2etB38i3MfI6zXkALOMhQHltTTQupvVxxrGNrI\u003d",
  "signedWinningHash": "VUjre7adE7Z6tJXmxtI3DWOw3ews851+R6SrH8ORqdaRgKmuq/FWiTCT7/r1k+qw6TycFbonxkyxqsgnmQZuw21lVwExqLuYEPhjEg/JpWcP5WbVpYWdFrvTxg7HTK4qD2jQOIEdT3IEVtxnlsd73lXqJAmgX07Azox98aXueW4\u003d",
  "Diag": "ObessivePersonality",
  "Treat": "TryToRelax",
  "Rx": "Ibuprofen"
},{
  "BlockID": "d76cb33c-93f6-457d-a152-3dac33d2f198",
  "blockNum": 1,
  "TimeStamp": " 2022-11-01.23:09:15.0",
  "VerificationProcessID": "0",
  "PreviousHash": "9EF956ACD8CC3D48B6058E34773FC1FC0CE7E234F782CDEE5C98D4D6C50093E5",
  "fName": "John",
  "lName": "Smith",
  "SSNum": "123-45-6789",
  "DOB": "1996.03.07",
  "RandomSeed": "DPQFLPDN",
  "winningHash": "0c7194144c3541cb957a0ee37b92743425ea0b8a76f08b27d021ae4b2b032414",
  "signedID": "ArIhMAowAsafQbzYu423ZEokeRnSUdx4+mMrCRNoiZVazTCrdHhBJ3EWJZkA7hBsnpyL2+CBwplkbEirsLO1y6VVSXS3Tqm7JXhkoHivp7zQUKwFZoKDnh5MHTVUS5mmrMbJLKTsA4vaNgaAllMYNB1aJjWW8m8771J5ALFXQ/A\u003d",
  "signedWinningHash": "a73k4ZXFxloGh6BULil+tfsgviDO1ou4605IT5WIVO/hs42jxjRAWlQXFMBHDKSWTS9AAXzVGU/x1/Z5Cd2zr86MuFH8hegMrzwQSNFyE0hBNv2Ky9eIcLm7qNtVp1wB+b1nI7wvKlo6idphe57vovS+iYzWNqB5k+CsenIWP6U\u003d",
  "Diag": "Chickenpox",
  "Treat": "BedRest",
  "Rx": "aspirin"
},{
  "BlockID": "e1ed2a77-0a43-49ff-9be3-1a68defe8f25",
  "blockNum": 0,
  "TimeStamp": " 2022-11-01.23:09:14.0",
  "VerificationProcessID": "0",
  "PreviousHash": "0000",
  "fName": "Satya Yoganand",
  "lName": "Addala",
  "SSNum": "123-45-6789",
  "DOB": "05-22-1998",
  "RandomSeed": "03L810QS",
  "winningHash": "9EF956ACD8CC3D48B6058E34773FC1FC0CE7E234F782CDEE5C98D4D6C50093E5",
  "Diag": "Blockchain ",
  "Treat": "BlockChain",
  "Rx": "Blockchain"
}]