{
  "avgTotalVolume":56273071,
  "calculationPrice":"close",
  "change":-4.7,
  "changePercent":-0.04064,
  "close":110.96,
  "closeSource":"official",
  "closeTime":1666900800858,
  "companyName":"Amazon.com Inc.",
  "currency":"USD",
  "delayedPrice":110.805,
  "delayedPriceTime":1666900729781,
  "extendedChange":-14.12,
  "extendedChangePercent":-0.12725,
  "extendedPrice":96.84,
  "extendedPriceTime":1666915199735,
  "high":114.12,
  "highSource":"15 minute delayed price",
  "highTime":1666900800196,
  "iexAskPrice":0,
  "iexAskSize":0,
  "iexBidPrice":0,
  "iexBidSize":0,
  "iexClose":110.905,
  "iexCloseTime":1666900799107,
  "iexLastUpdated":1666904387995,
  "iexMarketPercent":0.02162781660221743,
  "iexOpen":113.99,
  "iexOpenTime":1666877400091,
  "iexRealtimePrice":92.33,
  "iexRealtimeSize":67,
  "iexVolume":2803081,
  "lastTradeTime":1666900799906,
  "latestPrice":110.96,
  "latestSource":"Close",
  "latestTime":"October 27, 2022",
  "latestUpdate":1666900800858,
  "latestVolume":129605362,
  "low":109.77,
  "lowSource":"15 minute delayed price",
  "lowTime":1666894562060,
  "marketCap":1130411082605,
  "oddLotDelayedPrice":110.795,
  "oddLotDelayedPriceTime":1666900729686,
  "open":113.72,
  "openTime":1666877400873,
  "openSource":"official",
  "peRatio":98.19,
  "previousClose":115.66,
  "previousVolume":69002457,
  "primaryExchange":"NASDAQ",
  "symbol":"AMZN",
  "volume":129605362,
  "week52High":188.11,
  "week52Low":101.26,
  "ytdChange":-0.3468895126471806,
  "isUSMarketOpen":false
}